"Scope","Primary files","Has video player","Player surface / context","Media model","Controls exposed to user","Settings / state authority","Similarities to others","UX strengths to keep","UX weaknesses / risks","Recommendation for source of truth"
"Shared cross-page layer","_7-shared-scripts/shared-video-controls.js; _7-shared-scripts/video-player-controls.js; _7-shared-scripts/assets-config.js","Yes","Canvas-first reusable controls used by videos/games and partially by music","Separate video/audio elements; shared playbackRates [0.5,0.75,1,1.25,1.5,2]; assetUrl path resolution; optional PLL-style syncAudioToVideo","Play/pause; seek; set volume; toggle mute; playback rate; optional back/exit; control visibility animation","localStorage keys site.audio.allowed, site.audio.volume, site.audio.muted, site.audio.sync","Videos and Games already depend on this; Music reuses shared helpers but wraps them in page-specific logic","Best existing foundation for a unified player engine; already handles rate, mute, volume, seek, buffered-state heuristics, and sync smoothing","Still contains page assumptions in places; mixed responsibilities between rendering, state, and page adapters; weak separation between engine and presentation","Use this as the technical base layer only. Split it into engine, adapter, and skin. Do not let page-specific paths or page-specific UX stay in the core."
"Start / index","index.html; _0-start/start-page.js","No dedicated page video player","Global site settings modal and 3D settings controller, not a content player","Global audio permission, volume, and sync state for the site","Settings modal tabs for Accessibility and Volume/Sync; sync slider; volume controls exist in start flow","Strongest existing cross-page authority for site.audio.* localStorage values","Videos, Games, and Music all read the same audio keys directly or indirectly","This is the clearest existing source of truth for global settings, especially sync and permission","Not attached cleanly to the nav/settings button yet; modal is scoped to start page markup; mixes onboarding and site settings","Keep global audio permission, master volume, and sync here as the single site-wide settings model. Decouple from the start page UI and expose it as a shared modal."
"About","_1-about/about.html; _1-about/about.js","No","No video player on this page","N/A","N/A","Only shared nav/header state","Same site chrome as other pages","No player-specific behavior to preserve","No video UX to evaluate","No page-specific video requirements. In a unified system, this page should just consume the shared global settings and shared nav."
"Videos","_2-videos/videos.html; _2-videos/videos.js; _2-videos/videos-tablet.js; _2-videos/videos-video-adapter.js","Yes","Hero 3D tablet with intro animation, gate, skip button, then thumbnail-driven reel playback on the tablet/screen","HQ/LQ videos plus separate opus audio tracks and thumbnails; intro video plus intro audio; tablet pose persistence","Intro play gate; progress/load bar; skip intro; shared canvas controls; play/pause; seek; mute; volume; playback rate; fullscreen-ish expanded playback; thumbnail selection","Reads and writes global audio sync and mute/volume via localStorage; also stores videosPage_tabletPose","Uses shared engine most directly; adapter pattern already present","Keep the intro gate/load state, skip behavior, and the thumbnail-to-full-play transition. Best example of onboarding users into a media experience.","Complex bootstrap and many moving parts; intro logic is heavy; pathing fragile; a lot of UX is tightly coupled to the 3D scene lifecycle","Best candidate for the reference content-player flow. Keep its reel browsing, preview-to-play transition, and adapter pattern, but simplify intro orchestration."
"Graphics","_3-graphics/graphics.html; _3-graphics/graphics.js","No","No video player on this page","N/A","N/A","Only shared nav/header state","Same site chrome as other pages","No player-specific behavior to preserve","No video UX to evaluate","No page-specific video requirements. In a unified system, this page should just inherit global settings if future media is added."
"Games","_4-games/games.html; _4-games/games.js; _4-games/games-video-adapter.js; _4-games/game-audio-bridge.js","Yes","Arcade cabinet screen that switches between game iframe content and reel/sample video content","Mixed-content screen: iframe game modes, HQ/LQ webm videos, separate opus audio, splash images, thumbnails","Shared canvas controls when in video mode; play/pause; seek; mute; volume; playback rate; exit/back; game audio bridging","Reads same localStorage audio keys as other pages; adds game iframe audio bridge and content-mode awareness","Reuses shared player engine and adapter idea from videos","Best example of one control system spanning multiple content modes. Good adapter boundary between player UI and page behavior.","UX differs depending on whether content mode is video or game; settings availability is less obvious to users; complexity from iframe audio bridging","Keep the content-mode adapter concept. This is the strongest pattern for handling 'not every screen state is a video' without forking the player UI."
"Music","_5-music/music.html; _5-music/music-piano-controls.v2.js; _5-music/music-tablet.js; _7-shared-scripts/global-sync.js","Yes","Two distinct experiences: small decorative tablet player and a more bespoke top-pad / track video player embedded in the instrument UI","Multiple synchronized systems: audio playback, HQ/LQ track videos, tablet thumbnail/video loop, MIDI timing, soundfonts, custom backboard/canvas UI","Shared controls for track video plus page-specific actions; play/stop; playback rate; mute; sync slider; keyboard shortcuts; tablet mini-player with centered play button; instrument and grid toggles intermixed with media controls","Uses global sync store via global-sync.js and shared site.audio keys, but also adds page-specific transport and MIDI timing state","Reuses shared controls and sync helpers, but wraps them in a very custom music-specific transport","Keep the sync slider, keyboard shortcuts, and the way the player integrates with the page's primary task instead of feeling bolted on. Strongest advanced-user control surface.","Most complex and least reusable player UX because media controls are intertwined with instrument, MIDI, and visualization logic; there are effectively two players on one page","Do not use this page as the baseline whole-cloth. Cherry-pick advanced controls only: sync slider, keyboard shortcuts, and transport feedback. Keep the decorative tablet player separate from the main source-of-truth player."
"Docs","_6-docs/docs.html; _6-docs/docs.js; _6-docs/docs-3d.js","No","No video player on this page","N/A","N/A","Only shared nav/header state","Same site chrome as other pages","No player-specific behavior to preserve","No video UX to evaluate","No page-specific video requirements. In a unified system, this page should just inherit global settings if future media is added."
"Overall recommendation","Derived from all of the above","N/A","Unify one core player and one shared settings authority, then skin per page","Single engine should support separate video/audio, thumbnails, optional intro state, and non-video content adapters","Core controls should be play/pause, seek, mute, volume, playback rate, exit/back, and optional sync slider; advanced features should be opt-in","Global authority should own permission, master volume, muted state, and audio sync offset","Videos and Games prove the engine/adapter approach; Start proves the global settings model; Music proves the need for advanced optional controls","Keep: shared engine, adapter pattern, global settings model, intro gate pattern, sync slider, keyboard shortcuts as optional enhancement","Avoid: page-specific paths in shared code, duplicated localStorage logic, decorative mini-players pretending to be the main player, media logic mixed directly into scene bootstrapping","Source of truth should be: shared engine from shared-video-controls/video-player-controls, global settings model from start/index, page adapter pattern from videos/games, and optional advanced controls from music."
