"id","label","file","width","height","ratio","localAvailable","exists","localPath"
"3px-tile","3Px Tile","3px-tile.png","100","100","1:1","True","True","assets/textures/transparent/3px-tile.png"
"45-degree-fabric-dark","45 Degree Fabric (Dark)","45-degree-fabric-dark.png","315","315","1:1","True","True","assets/textures/transparent/45-degree-fabric-dark.png"
"45-degree-fabric-light","45 Degree Fabric (Light)","45-degree-fabric-light.png","315","315","1:1","True","True","assets/textures/transparent/45-degree-fabric-light.png"
"60-lines","60º lines","60-lines.png","31","31","1:1","True","True","assets/textures/transparent/60-lines.png"
"absurdity","Absurdity","absurdity.png","4","4","1:1","True","True","assets/textures/transparent/absurdity.png"
"ag-square","AG Square","ag-square.png","50","50","1:1","True","True","assets/textures/transparent/ag-square.png"
"always-grey","Always Grey","always-grey.png","35","35","1:1","True","True","assets/textures/transparent/always-grey.png"
"arabesque","Arabesque","arabesque.png","110","110","1:1","True","True","assets/textures/transparent/arabesque.png"
"arches","Arches","arches.png","103","23","103:23","True","True","assets/textures/transparent/arches.png"
"argyle","Argyle","argyle.png","106","96","53:48","True","True","assets/textures/transparent/argyle.png"
"asfalt-dark","Asfalt (Dark)","asfalt-dark.png","466","349","466:349","True","True","assets/textures/transparent/asfalt-dark.png"
"asfalt-light","Asfalt (Light)","asfalt-light.png","466","349","466:349","True","True","assets/textures/transparent/asfalt-light.png"
"assault","Assault","assault.png","154","196","11:14","True","True","assets/textures/transparent/assault.png"
"axiom-pattern","Axiom Pattern","axiom-pattern.png","81","81","1:1","True","True","assets/textures/transparent/axiom-pattern.png"
"az-subtle","Az Subtle","az-subtle.png","100","100","1:1","True","True","assets/textures/transparent/az-subtle.png"
"back-pattern","Back Pattern","back-pattern.png","28","28","1:1","True","True","assets/textures/transparent/back-pattern.png"
"basketball","Basketball","basketball.png","227","196","227:196","True","True","assets/textures/transparent/basketball.png"
"batthern","Batthern","batthern.png","100","99","100:99","True","True","assets/textures/transparent/batthern.png"
"bedge-grunge","Bedge Grunge","bedge-grunge.png","588","375","196:125","True","True","assets/textures/transparent/bedge-grunge.png"
"beige-paper","Beige Paper","beige-paper.png","200","200","1:1","True","True","assets/textures/transparent/beige-paper.png"
"billie-holiday","Billie Holiday","billie-holiday.png","100","100","1:1","True","True","assets/textures/transparent/billie-holiday.png"
"binding-dark","Binding Dark","binding-dark.png","180","180","1:1","True","True","assets/textures/transparent/binding-dark.png"
"binding-light","Binding Light","binding-light.png","180","180","1:1","True","True","assets/textures/transparent/binding-light.png"
"black-felt","Black Felt","black-felt.png","531","337","531:337","True","True","assets/textures/transparent/black-felt.png"
"black-linen","Black Linen","black-linen.png","482","490","241:245","True","True","assets/textures/transparent/black-linen.png"
"black-linen-2","Black Linen 2","black-linen-2.png","640","640","1:1","True","True","assets/textures/transparent/black-linen-2.png"
"black-mamba","Black Mamba","black-mamba.png","192","192","1:1","True","True","assets/textures/transparent/black-mamba.png"
"black-orchid","Black Orchid","black-orchid.png","300","300","1:1","True","True","assets/textures/transparent/black-orchid.png"
"black-paper","Black Paper","black-paper.png","400","400","1:1","True","True","assets/textures/transparent/black-paper.png"
"black-scales","Black Scales","black-scales.png","40","40","1:1","True","True","assets/textures/transparent/black-scales.png"
"black-thread","Black Thread","black-thread.png","49","28","7:4","True","True","assets/textures/transparent/black-thread.png"
"black-thread-light","Black Thread (Light)","black-thread-light.png","49","28","7:4","True","True","assets/textures/transparent/black-thread-light.png"
"black-twill","Black Twill","black-twill.png","14","14","1:1","True","True","assets/textures/transparent/black-twill.png"
"blizzard","Blizzard","blizzard.png","25","25","1:1","True","True","assets/textures/transparent/blizzard.png"
"blu-stripes","Blu Stripes","blu-stripes.png","100","100","1:1","True","True","assets/textures/transparent/blu-stripes.png"
"bo-play","Bo Play","bo-play.png","42","22","21:11","True","True","assets/textures/transparent/bo-play.png"
"brick-wall","Brick Wall","brick-wall.png","110","69","110:69","True","True","assets/textures/transparent/brick-wall.png"
"brick-wall-dark","Brick Wall (Dark)","brick-wall-dark.png","110","69","110:69","True","True","assets/textures/transparent/brick-wall-dark.png"
"bright-squares","Bright Squares","bright-squares.png","297","297","1:1","True","True","assets/textures/transparent/bright-squares.png"
"brilliant","Brilliant","brilliant.png","3","3","1:1","True","True","assets/textures/transparent/brilliant.png"
"broken-noise","Broken Noise","broken-noise.png","476","476","1:1","True","True","assets/textures/transparent/broken-noise.png"
"brushed-alum","Brushed Alum","brushed-alum.png","400","400","1:1","True","True","assets/textures/transparent/brushed-alum.png"
"brushed-alum-dark","Brushed Alum Dark","brushed-alum-dark.png","400","400","1:1","True","True","assets/textures/transparent/brushed-alum-dark.png"
"buried","Buried","buried.png","350","350","1:1","True","True","assets/textures/transparent/buried.png"
"candyhole","Candyhole","candyhole.png","25","25","1:1","True","True","assets/textures/transparent/candyhole.png"
"carbon-fibre","Carbon Fibre","carbon-fibre.png","24","22","12:11","True","True","assets/textures/transparent/carbon-fibre.png"
"carbon-fibre-big","Carbon Fibre Big","carbon-fibre-big.png","20","22","10:11","True","True","assets/textures/transparent/carbon-fibre-big.png"
"carbon-fibre-v2","Carbon Fibre V2","carbon-fibre-v2.png","32","36","8:9","True","True","assets/textures/transparent/carbon-fibre-v2.png"
"cardboard","Cardboard","cardboard.png","600","600","1:1","True","True","assets/textures/transparent/cardboard.png"
"cardboard-flat","Cardboard Flat","cardboard-flat.png","256","256","1:1","True","True","assets/textures/transparent/cardboard-flat.png"
"cartographer","Cartographer","cartographer.png","500","499","500:499","True","True","assets/textures/transparent/cartographer.png"
"checkered-light-emboss","Checkered Light Emboss","checkered-light-emboss.png","60","60","1:1","True","True","assets/textures/transparent/checkered-light-emboss.png"
"checkered-pattern","Checkered Pattern","checkered-pattern.png","72","72","1:1","True","True","assets/textures/transparent/checkered-pattern.png"
"church","Church","church.png","100","100","1:1","True","True","assets/textures/transparent/church.png"
"circles","Circles","circles.png","16","12","4:3","True","True","assets/textures/transparent/circles.png"
"classy-fabric","Classy Fabric","classy-fabric.png","102","102","1:1","True","True","assets/textures/transparent/classy-fabric.png"
"clean-gray-paper","Clean Gray Paper","clean-gray-paper.png","512","512","1:1","True","True","assets/textures/transparent/clean-gray-paper.png"
"clean-textile","Clean Textile","clean-textile.png","420","420","1:1","True","True","assets/textures/transparent/clean-textile.png"
"climpek","Climpek","climpek.png","44","44","1:1","True","True","assets/textures/transparent/climpek.png"
"cloth-alike","Cloth Alike","cloth-alike.png","102","78","17:13","True","True","assets/textures/transparent/cloth-alike.png"
"concrete-wall","Concrete Wall","concrete-wall.png","520","520","1:1","True","True","assets/textures/transparent/concrete-wall.png"
"concrete-wall-2","Concrete Wall 2","concrete-wall-2.png","597","545","597:545","True","True","assets/textures/transparent/concrete-wall-2.png"
"concrete-wall-3","Concrete Wall 3","concrete-wall-3.png","400","299","400:299","True","True","assets/textures/transparent/concrete-wall-3.png"
"connected","Connected","connected.png","160","160","1:1","True","True","assets/textures/transparent/connected.png"
"corrugation","Corrugation","corrugation.png","8","5","8:5","True","True","assets/textures/transparent/corrugation.png"
"cream-dust","Cream Dust","cream-dust.png","50","50","1:1","True","True","assets/textures/transparent/cream-dust.png"
"cream-paper","Cream Paper","cream-paper.png","158","144","79:72","True","True","assets/textures/transparent/cream-paper.png"
"cream-pixels","Cream Pixels","cream-pixels.png","160","160","1:1","True","True","assets/textures/transparent/cream-pixels.png"
"crisp-paper-ruffles","Crisp Paper Ruffles","crisp-paper-ruffles.png","481","500","481:500","True","True","assets/textures/transparent/crisp-paper-ruffles.png"
"crissxcross","Crissxcross","crissxcross.png","512","512","1:1","True","True","assets/textures/transparent/crissxcross.png"
"cross-scratches","Cross Scratches","cross-scratches.png","256","256","1:1","True","True","assets/textures/transparent/cross-scratches.png"
"cross-stripes","Cross Stripes","cross-stripes.png","6","6","1:1","True","True","assets/textures/transparent/cross-stripes.png"
"crossword","Crossword","crossword.png","400","400","1:1","True","True","assets/textures/transparent/crossword.png"
"cubes","Cubes","cubes.png","67","100","67:100","True","True","assets/textures/transparent/cubes.png"
"cutcube","Cutcube","cutcube.png","20","36","5:9","True","True","assets/textures/transparent/cutcube.png"
"dark-brick-wall","Dark Brick Wall","dark-brick-wall.png","96","96","1:1","True","True","assets/textures/transparent/dark-brick-wall.png"
"dark-circles","Dark Circles","dark-circles.png","10","12","5:6","True","True","assets/textures/transparent/dark-circles.png"
"dark-denim","Dark Denim","dark-denim.png","145","145","1:1","True","True","assets/textures/transparent/dark-denim.png"
"dark-denim-3","Dark Denim 3","dark-denim-3.png","420","326","210:163","True","True","assets/textures/transparent/dark-denim-3.png"
"dark-dot","Dark Dot","dark-dot.png","5","5","1:1","True","True","assets/textures/transparent/dark-dot.png"
"dark-dotted-2","Dark Dotted 2","dark-dotted-2.png","7","7","1:1","True","True","assets/textures/transparent/dark-dotted-2.png"
"dark-exa","Dark Exa","dark-exa.png","18","30","3:5","True","True","assets/textures/transparent/dark-exa.png"
"dark-fish-skin","Dark Fish Skin","dark-fish-skin.png","6","12","1:2","True","True","assets/textures/transparent/dark-fish-skin.png"
"dark-geometric","Dark Geometric","dark-geometric.png","70","70","1:1","True","True","assets/textures/transparent/dark-geometric.png"
"dark-leather","Dark Leather","dark-leather.png","398","484","199:242","True","True","assets/textures/transparent/dark-leather.png"
"dark-matter","Dark Matter","dark-matter.png","7","7","1:1","True","True","assets/textures/transparent/dark-matter.png"
"dark-mosaic","Dark Mosaic","dark-mosaic.png","300","295","60:59","True","True","assets/textures/transparent/dark-mosaic.png"
"dark-stripes","Dark Stripes","dark-stripes.png","50","50","1:1","True","True","assets/textures/transparent/dark-stripes.png"
"dark-stripes-light","Dark Stripes (Light)","dark-stripes-light.png","50","50","1:1","True","True","assets/textures/transparent/dark-stripes-light.png"
"dark-tire","Dark Tire","dark-tire.png","250","250","1:1","True","True","assets/textures/transparent/dark-tire.png"
"dark-wall","Dark Wall","dark-wall.png","300","300","1:1","True","True","assets/textures/transparent/dark-wall.png"
"dark-wood","Dark Wood","dark-wood.png","512","512","1:1","True","True","assets/textures/transparent/dark-wood.png"
"darth-stripe","Darth Stripe","darth-stripe.png","511","511","1:1","True","True","assets/textures/transparent/darth-stripe.png"
"debut-dark","Debut Dark","debut-dark.png","200","200","1:1","True","True","assets/textures/transparent/debut-dark.png"
"debut-light","Debut Light","debut-light.png","200","200","1:1","True","True","assets/textures/transparent/debut-light.png"
"diagmonds","Diagmonds (Dark)","diagmonds.png","141","142","141:142","True","True","assets/textures/transparent/diagmonds.png"
"diagmonds-light","Diagmonds (Light)","diagmonds-light.png","141","142","141:142","True","True","assets/textures/transparent/diagmonds-light.png"
"diagonal-noise","Diagonal Noise","diagonal-noise.png","100","100","1:1","True","True","assets/textures/transparent/diagonal-noise.png"
"diagonal-striped-brick","Diagonal Striped Brick","diagonal-striped-brick.png","150","150","1:1","True","True","assets/textures/transparent/diagonal-striped-brick.png"
"diagonal-waves","Diagonal Waves","diagonal-waves.png","38","38","1:1","True","True","assets/textures/transparent/diagonal-waves.png"
"diagonales-decalees","Diagonales Decalees","diagonales-decalees.png","144","48","3:1","True","True","assets/textures/transparent/diagonales-decalees.png"
"diamond-eyes","Diamond Eyes","diamond-eyes.png","33","25","33:25","True","True","assets/textures/transparent/diamond-eyes.png"
"diamond-upholstery","Diamond Upholstery","diamond-upholstery.png","200","200","1:1","True","True","assets/textures/transparent/diamond-upholstery.png"
"diamonds-are-forever","Diamonds Are Forever","diamonds-are-forever.png","24","18","4:3","True","True","assets/textures/transparent/diamonds-are-forever.png"
"dimension","Dimension","dimension.png","43","50","43:50","True","True","assets/textures/transparent/dimension.png"
"dirty-old-black-shirt","Dirty Old Black Shirt","dirty-old-black-shirt.png","250","250","1:1","True","True","assets/textures/transparent/dirty-old-black-shirt.png"
"dotnoise-light-grey","Dotnoise Light Grey","dotnoise-light-grey.png","100","100","1:1","True","True","assets/textures/transparent/dotnoise-light-grey.png"
"double-lined","Double Lined","double-lined.png","150","64","75:32","True","True","assets/textures/transparent/double-lined.png"
"dust","Dust","dust.png","400","300","4:3","True","True","assets/textures/transparent/dust.png"
"ecailles","Ecailles","ecailles.png","48","20","12:5","True","True","assets/textures/transparent/ecailles.png"
"egg-shell","Egg Shell","egg-shell.png","256","256","1:1","True","True","assets/textures/transparent/egg-shell.png"
"elastoplast","Elastoplast","elastoplast.png","37","37","1:1","True","True","assets/textures/transparent/elastoplast.png"
"elegant-grid","Elegant Grid","elegant-grid.png","16","28","4:7","True","True","assets/textures/transparent/elegant-grid.png"
"embossed-paper","Embossed Paper","embossed-paper.png","8","10","4:5","True","True","assets/textures/transparent/embossed-paper.png"
"escheresque","Escheresque","escheresque.png","46","29","46:29","True","True","assets/textures/transparent/escheresque.png"
"escheresque-dark","Escheresque Dark","escheresque-dark.png","46","29","46:29","True","True","assets/textures/transparent/escheresque-dark.png"
"exclusive-paper","Exclusive Paper","exclusive-paper.png","560","420","4:3","True","True","assets/textures/transparent/exclusive-paper.png"
"fabric-plaid","Fabric (Plaid)","fabric-plaid.png","200","200","1:1","True","True","assets/textures/transparent/fabric-plaid.png"
"fabric-1-dark","Fabric 1 (Dark)","fabric-1-dark.png","400","400","1:1","True","True","assets/textures/transparent/fabric-1-dark.png"
"fabric-1-light","Fabric 1 (Light)","fabric-1-light.png","400","400","1:1","True","True","assets/textures/transparent/fabric-1-light.png"
"fabric-of-squares","Fabric Of Squares","fabric-of-squares.png","410","410","1:1","True","True","assets/textures/transparent/fabric-of-squares.png"
"fake-brick","Fake Brick","fake-brick.png","76","76","1:1","True","True","assets/textures/transparent/fake-brick.png"
"fake-luxury","Fake Luxury","fake-luxury.png","16","26","8:13","True","True","assets/textures/transparent/fake-luxury.png"
"fancy-deboss","Fancy Deboss","fancy-deboss.png","18","13","18:13","True","True","assets/textures/transparent/fancy-deboss.png"
"farmer","Farmer","farmer.png","349","349","1:1","True","True","assets/textures/transparent/farmer.png"
"felt","Felt","felt.png","500","466","250:233","True","True","assets/textures/transparent/felt.png"
"first-aid-kit","First Aid Kit","first-aid-kit.png","99","99","1:1","True","True","assets/textures/transparent/first-aid-kit.png"
"flower-trail","Flower Trail","flower-trail.png","16","16","1:1","True","True","assets/textures/transparent/flower-trail.png"
"flowers","Flowers","flowers.png","150","150","1:1","True","True","assets/textures/transparent/flowers.png"
"foggy-birds","Foggy Birds","foggy-birds.png","206","206","1:1","True","True","assets/textures/transparent/foggy-birds.png"
"food","Food","food.png","300","300","1:1","True","True","assets/textures/transparent/food.png"
"football-no-lines","Football (No Yardlines)","football-no-lines.png","714","240","119:40","True","True","assets/textures/transparent/football-no-lines.png"
"french-stucco","French Stucco","french-stucco.png","400","355","80:71","True","True","assets/textures/transparent/french-stucco.png"
"fresh-snow","Fresh Snow","fresh-snow.png","500","500","1:1","True","True","assets/textures/transparent/fresh-snow.png"
"gold-scale","Gold Scale","gold-scale.png","25","25","1:1","True","True","assets/textures/transparent/gold-scale.png"
"gplay","Gplay","gplay.png","188","178","94:89","True","True","assets/textures/transparent/gplay.png"
"gradient-squares","Gradient Squares","gradient-squares.png","202","202","1:1","True","True","assets/textures/transparent/gradient-squares.png"
"graphcoders-lil-fiber","Graphcoders Lil Fiber","graphcoders-lil-fiber.png","21","35","3:5","True","True","assets/textures/transparent/graphcoders-lil-fiber.png"
"graphy-dark","Graphy (Dark)","graphy-dark.png","80","160","1:2","True","True","assets/textures/transparent/graphy-dark.png"
"graphy","Graphy (Light)","graphy.png","80","160","1:2","True","True","assets/textures/transparent/graphy.png"
"gravel","Gravel","gravel.png","222","206","111:103","True","True","assets/textures/transparent/gravel.png"
"gray-floral","Gray Floral","gray-floral.png","150","124","75:62","True","True","assets/textures/transparent/gray-floral.png"
"gray-lines","Gray Lines","gray-lines.png","150","150","1:1","True","True","assets/textures/transparent/gray-lines.png"
"gray-sand","Gray Sand","gray-sand.png","211","211","1:1","True","True","assets/textures/transparent/gray-sand.png"
"green-cup","Green Cup","green-cup.png","400","400","1:1","True","True","assets/textures/transparent/green-cup.png"
"green-dust-and-scratches","Green Dust and Scratches","green-dust-and-scratches.png","296","300","74:75","True","True","assets/textures/transparent/green-dust-and-scratches.png"
"green-fibers","Green Fibers","green-fibers.png","200","200","1:1","True","True","assets/textures/transparent/green-fibers.png"
"green-gobbler","Green Gobbler","green-gobbler.png","39","39","1:1","True","True","assets/textures/transparent/green-gobbler.png"
"grey-jean","Grey Jean","grey-jean.png","150","150","1:1","True","True","assets/textures/transparent/grey-jean.png"
"grey-sandbag","Grey Sandbag","grey-sandbag.png","100","98","50:49","True","True","assets/textures/transparent/grey-sandbag.png"
"grey-washed-wall","Grey Washed Wall","grey-washed-wall.png","350","259","50:37","True","True","assets/textures/transparent/grey-washed-wall.png"
"greyzz","Greyzz","greyzz.png","149","139","149:139","True","True","assets/textures/transparent/greyzz.png"
"grid","Grid","grid.png","310","310","1:1","True","True","assets/textures/transparent/grid.png"
"grid-me","Grid Me","grid-me.png","50","50","1:1","True","True","assets/textures/transparent/grid-me.png"
"grid-noise","Grid Noise","grid-noise.png","98","98","1:1","True","True","assets/textures/transparent/grid-noise.png"
"grilled-noise","Grilled Noise","grilled-noise.png","170","180","17:18","True","True","assets/textures/transparent/grilled-noise.png"
"groovepaper","Groovepaper","groovepaper.png","300","300","1:1","True","True","assets/textures/transparent/groovepaper.png"
"grunge-wall","Grunge Wall","grunge-wall.png","500","375","4:3","True","True","assets/textures/transparent/grunge-wall.png"
"gun-metal","Gun Metal","gun-metal.png","10","10","1:1","True","True","assets/textures/transparent/gun-metal.png"
"handmade-paper","Handmade Paper","handmade-paper.png","100","100","1:1","True","True","assets/textures/transparent/handmade-paper.png"
"hexabump","Hexabump","hexabump.png","19","33","19:33","True","True","assets/textures/transparent/hexabump.png"
"hexellence","Hexellence","hexellence.png","150","173","150:173","True","True","assets/textures/transparent/hexellence.png"
"hixs-evolution","Hixs Evolution","hixs-evolution.png","35","34","35:34","True","True","assets/textures/transparent/hixs-evolution.png"
"hoffman","Hoffman","hoffman.png","16","16","1:1","True","True","assets/textures/transparent/hoffman.png"
"honey-im-subtle","Honey I'm Subtle","honey-im-subtle.png","179","132","179:132","True","True","assets/textures/transparent/honey-im-subtle.png"
"ice-age","Ice Age","ice-age.png","400","400","1:1","True","True","assets/textures/transparent/ice-age.png"
"inflicted","Inflicted","inflicted.png","240","240","1:1","True","True","assets/textures/transparent/inflicted.png"
"inspiration-geometry","Inspiration Geometry","inspiration-geometry.png","412","412","1:1","True","True","assets/textures/transparent/inspiration-geometry.png"
"iron-grip","Iron Grip","iron-grip.png","300","301","300:301","True","True","assets/textures/transparent/iron-grip.png"
"kinda-jean","Kinda Jean","kinda-jean.png","147","147","1:1","True","True","assets/textures/transparent/kinda-jean.png"
"knitted-netting","Knitted Netting","knitted-netting.png","8","8","1:1","True","True","assets/textures/transparent/knitted-netting.png"
"knitted-sweater","Knitted Sweater","knitted-sweater.png","250","250","1:1","True","True","assets/textures/transparent/knitted-sweater.png"
"kuji","Kuji","kuji.png","30","30","1:1","True","True","assets/textures/transparent/kuji.png"
"large-leather","Large Leather","large-leather.png","400","343","400:343","True","True","assets/textures/transparent/large-leather.png"
"leather","Leather","leather.png","300","300","1:1","True","True","assets/textures/transparent/leather.png"
"light-aluminum","Light Aluminum","light-aluminum.png","282","282","1:1","True","True","assets/textures/transparent/light-aluminum.png"
"light-gray","Light Gray","light-gray.png","301","621","301:621","True","True","assets/textures/transparent/light-gray.png"
"light-grey-floral-motif","Light Grey Floral Motif","light-grey-floral-motif.png","32","56","4:7","True","True","assets/textures/transparent/light-grey-floral-motif.png"
"light-honeycomb","Light Honeycomb","light-honeycomb.png","270","289","270:289","True","True","assets/textures/transparent/light-honeycomb.png"
"light-honeycomb-dark","Light Honeycomb (Dark)","light-honeycomb-dark.png","270","289","270:289","True","True","assets/textures/transparent/light-honeycomb-dark.png"
"light-mesh","Light Mesh","light-mesh.png","256","256","1:1","True","True","assets/textures/transparent/light-mesh.png"
"light-paper-fibers","Light Paper Fibers","light-paper-fibers.png","500","300","5:3","True","True","assets/textures/transparent/light-paper-fibers.png"
"light-sketch","Light Sketch","light-sketch.png","600","600","1:1","True","True","assets/textures/transparent/light-sketch.png"
"light-toast","Light Toast","light-toast.png","200","200","1:1","True","True","assets/textures/transparent/light-toast.png"
"light-wool","Light Wool","light-wool.png","190","191","190:191","True","True","assets/textures/transparent/light-wool.png"
"lined-paper","Lined Paper","lined-paper.png","300","224","75:56","True","True","assets/textures/transparent/lined-paper.png"
"lined-paper-2","Lined Paper 2","lined-paper-2.png","412","300","103:75","True","True","assets/textures/transparent/lined-paper-2.png"
"little-knobs","Little Knobs","little-knobs.png","10","10","1:1","True","True","assets/textures/transparent/little-knobs.png"
"little-pluses","Little Pluses","little-pluses.png","300","300","1:1","True","True","assets/textures/transparent/little-pluses.png"
"little-triangles","Little Triangles","little-triangles.png","10","11","10:11","True","True","assets/textures/transparent/little-triangles.png"
"low-contrast-linen","Low Contrast Linen","low-contrast-linen.png","256","256","1:1","True","True","assets/textures/transparent/low-contrast-linen.png"
"lyonnette","Lyonnette","lyonnette.png","90","90","1:1","True","True","assets/textures/transparent/lyonnette.png"
"maze-black","Maze Black","maze-black.png","46","23","2:1","True","True","assets/textures/transparent/maze-black.png"
"maze-white","Maze White","maze-white.png","46","23","2:1","True","True","assets/textures/transparent/maze-white.png"
"mbossed","Mbossed","mbossed.png","26","26","1:1","True","True","assets/textures/transparent/mbossed.png"
"medic-packaging-foil","Medic Packaging Foil","medic-packaging-foil.png","8","8","1:1","True","True","assets/textures/transparent/medic-packaging-foil.png"
"merely-cubed","Merely Cubed","merely-cubed.png","16","16","1:1","True","True","assets/textures/transparent/merely-cubed.png"
"micro-carbon","Micro Carbon","micro-carbon.png","4","4","1:1","True","True","assets/textures/transparent/micro-carbon.png"
"mirrored-squares","Mirrored Squares","mirrored-squares.png","166","166","1:1","True","True","assets/textures/transparent/mirrored-squares.png"
"mocha-grunge","Mocha Grunge","mocha-grunge.png","400","400","1:1","True","True","assets/textures/transparent/mocha-grunge.png"
"mooning","Mooning","mooning.png","400","400","1:1","True","True","assets/textures/transparent/mooning.png"
"moulin","Moulin","moulin.png","20","20","1:1","True","True","assets/textures/transparent/moulin.png"
"my-little-plaid-dark","My Little Plaid (Dark)","my-little-plaid-dark.png","54","54","1:1","True","True","assets/textures/transparent/my-little-plaid-dark.png"
"my-little-plaid","My Little Plaid (Light)","my-little-plaid.png","54","54","1:1","True","True","assets/textures/transparent/my-little-plaid.png"
"nami","Nami","nami.png","16","16","1:1","True","True","assets/textures/transparent/nami.png"
"nasty-fabric","Nasty Fabric","nasty-fabric.png","198","200","99:100","True","True","assets/textures/transparent/nasty-fabric.png"
"natural-paper","Natural Paper","natural-paper.png","523","384","523:384","True","True","assets/textures/transparent/natural-paper.png"
"navy","Navy","navy.png","600","385","120:77","True","True","assets/textures/transparent/navy.png"
"nice-snow","Nice Snow","nice-snow.png","250","250","1:1","True","True","assets/textures/transparent/nice-snow.png"
"nistri","Nistri","nistri.png","38","38","1:1","True","True","assets/textures/transparent/nistri.png"
"noise-lines","Noise Lines","noise-lines.png","60","59","60:59","True","True","assets/textures/transparent/noise-lines.png"
"noise-pattern-with-subtle-cross-lines","Noise Pattern With Subtle Cross Lines","noise-pattern-with-subtle-cross-lines.png","240","240","1:1","True","True","assets/textures/transparent/noise-pattern-with-subtle-cross-lines.png"
"noisy","Noisy","noisy.png","300","300","1:1","True","True","assets/textures/transparent/noisy.png"
"noisy-grid","Noisy Grid","noisy-grid.png","150","150","1:1","True","True","assets/textures/transparent/noisy-grid.png"
"noisy-net","Noisy Net","noisy-net.png","200","200","1:1","True","True","assets/textures/transparent/noisy-net.png"
"norwegian-rose","Norwegian Rose","norwegian-rose.png","48","48","1:1","True","True","assets/textures/transparent/norwegian-rose.png"
"notebook","Notebook","notebook.png","300","154","150:77","True","True","assets/textures/transparent/notebook.png"
"notebook-dark","Notebook (Dark)","notebook-dark.png","300","154","150:77","True","True","assets/textures/transparent/notebook-dark.png"
"office","Office","office.png","70","70","1:1","True","True","assets/textures/transparent/office.png"
"old-husks","Old Husks","old-husks.png","500","500","1:1","True","True","assets/textures/transparent/old-husks.png"
"old-map","Old Map","old-map.png","256","256","1:1","True","True","assets/textures/transparent/old-map.png"
"old-mathematics","Old Mathematics","old-mathematics.png","200","200","1:1","True","True","assets/textures/transparent/old-mathematics.png"
"old-moon","Old Moon","old-moon.png","300","300","1:1","True","True","assets/textures/transparent/old-moon.png"
"old-wall","Old Wall","old-wall.png","300","300","1:1","True","True","assets/textures/transparent/old-wall.png"
"otis-redding","Otis Redding","otis-redding.png","100","100","1:1","True","True","assets/textures/transparent/otis-redding.png"
"outlets","Outlets","outlets.png","4","8","1:2","True","True","assets/textures/transparent/outlets.png"
"p1","P1","p1.png","8","9","8:9","True","True","assets/textures/transparent/p1.png"
"p2","P2","p2.png","4","5","4:5","True","True","assets/textures/transparent/p2.png"
"p4","P4","p4.png","8","8","1:1","True","True","assets/textures/transparent/p4.png"
"p5","P5","p5.png","8","8","1:1","True","True","assets/textures/transparent/p5.png"
"p6","P6","p6.png","8","8","1:1","True","True","assets/textures/transparent/p6.png"
"padded","Padded","padded.png","160","160","1:1","True","True","assets/textures/transparent/padded.png"
"padded-light","Padded (Light)","padded-light.png","160","160","1:1","True","True","assets/textures/transparent/padded-light.png"
"paper","Paper","paper.png","500","593","500:593","True","True","assets/textures/transparent/paper.png"
"paper-1","Paper 1","paper-1.png","400","400","1:1","True","True","assets/textures/transparent/paper-1.png"
"paper-2","Paper 2","paper-2.png","280","280","1:1","True","True","assets/textures/transparent/paper-2.png"
"paper-3","Paper 3","paper-3.png","276","276","1:1","True","True","assets/textures/transparent/paper-3.png"
"paper-fibers","Paper Fibers","paper-fibers.png","410","410","1:1","True","True","assets/textures/transparent/paper-fibers.png"
"paven","Paven","paven.png","20","20","1:1","True","True","assets/textures/transparent/paven.png"
"perforated-white-leather","Perforated White Leather","perforated-white-leather.png","300","300","1:1","True","True","assets/textures/transparent/perforated-white-leather.png"
"pineapple-cut","Pineapple Cut","pineapple-cut.png","36","62","18:31","True","True","assets/textures/transparent/pineapple-cut.png"
"pinstripe-dark","Pinstripe (Dark)","pinstripe-dark.png","50","500","1:10","True","True","assets/textures/transparent/pinstripe-dark.png"
"pinstripe-light","Pinstripe (Light)","pinstripe-light.png","50","500","1:10","True","True","assets/textures/transparent/pinstripe-light.png"
"pinstriped-suit","Pinstriped Suit","pinstriped-suit.png","400","333","400:333","True","True","assets/textures/transparent/pinstriped-suit.png"
"pixel-weave","Pixel Weave","pixel-weave.png","64","64","1:1","True","True","assets/textures/transparent/pixel-weave.png"
"polaroid","Polaroid","polaroid.png","58","36","29:18","True","True","assets/textures/transparent/polaroid.png"
"polonez-pattern","Polonez Pattern","polonez-pattern.png","300","300","1:1","True","True","assets/textures/transparent/polonez-pattern.png"
"polyester-lite","Polyester Lite","polyester-lite.png","17","22","17:22","True","True","assets/textures/transparent/polyester-lite.png"
"pool-table","Pool Table","pool-table.png","256","256","1:1","True","True","assets/textures/transparent/pool-table.png"
"project-paper","Project Paper","project-paper.png","105","105","1:1","True","True","assets/textures/transparent/project-paper.png"
"ps-neutral","Ps Neutral","ps-neutral.png","16","16","1:1","True","True","assets/textures/transparent/ps-neutral.png"
"psychedelic","Psychedelic","psychedelic.png","84","72","7:6","True","True","assets/textures/transparent/psychedelic.png"
"purty-wood","Purty Wood","purty-wood.png","400","400","1:1","True","True","assets/textures/transparent/purty-wood.png"
"pw-pattern","Pw Pattern","pw-pattern.png","188","188","1:1","True","True","assets/textures/transparent/pw-pattern.png"
"pyramid","Pyramid","pyramid.png","16","16","1:1","True","True","assets/textures/transparent/pyramid.png"
"quilt","Quilt","quilt.png","25","24","25:24","True","True","assets/textures/transparent/quilt.png"
"random-grey-variations","Random Grey Variations","random-grey-variations.png","200","200","1:1","True","True","assets/textures/transparent/random-grey-variations.png"
"ravenna","Ravenna","ravenna.png","387","201","129:67","True","True","assets/textures/transparent/ravenna.png"
"real-carbon-fibre","Real Carbon Fibre","real-carbon-fibre.png","56","56","1:1","True","True","assets/textures/transparent/real-carbon-fibre.png"
"rebel","Rebel","rebel.png","320","360","8:9","True","True","assets/textures/transparent/rebel.png"
"redox-01","Redox 01","redox-01.png","600","375","8:5","True","True","assets/textures/transparent/redox-01.png"
"redox-02","Redox 02","redox-02.png","600","340","30:17","True","True","assets/textures/transparent/redox-02.png"
"reticular-tissue","Reticular Tissue","reticular-tissue.png","25","25","1:1","True","True","assets/textures/transparent/reticular-tissue.png"
"retina-dust","Retina Dust","retina-dust.png","200","200","1:1","True","True","assets/textures/transparent/retina-dust.png"
"retina-wood","Retina Wood","retina-wood.png","512","512","1:1","True","True","assets/textures/transparent/retina-wood.png"
"retro-intro","Retro Intro","retro-intro.png","109","109","1:1","True","True","assets/textures/transparent/retro-intro.png"
"rice-paper","Rice Paper","rice-paper.png","500","500","1:1","True","True","assets/textures/transparent/rice-paper.png"
"rice-paper-2","Rice Paper #2","rice-paper-2.png","485","485","1:1","True","True","assets/textures/transparent/rice-paper-2.png"
"rice-paper-3","Rice Paper #3","rice-paper-3.png","250","250","1:1","True","True","assets/textures/transparent/rice-paper-3.png"
"robots","Robots","robots.png","200","200","1:1","True","True","assets/textures/transparent/robots.png"
"rocky-wall","Rocky Wall","rocky-wall.png","500","500","1:1","True","True","assets/textures/transparent/rocky-wall.png"
"rough-cloth","Rough Cloth","rough-cloth.png","320","320","1:1","True","True","assets/textures/transparent/rough-cloth.png"
"rough-cloth-light","Rough Cloth (Light)","rough-cloth-light.png","320","320","1:1","True","True","assets/textures/transparent/rough-cloth-light.png"
"rough-diagonal","Rough Diagonal","rough-diagonal.png","256","256","1:1","True","True","assets/textures/transparent/rough-diagonal.png"
"rubber-grip","Rubber Grip","rubber-grip.png","5","20","1:4","True","True","assets/textures/transparent/rubber-grip.png"
"sandpaper","Sandpaper","sandpaper.png","348","500","87:125","True","True","assets/textures/transparent/sandpaper.png"
"satin-weave","Satin Weave","satin-weave.png","24","12","2:1","True","True","assets/textures/transparent/satin-weave.png"
"scribble-light","Scribble Light","scribble-light.png","304","306","152:153","True","True","assets/textures/transparent/scribble-light.png"
"shattered","Shattered","shattered.png","500","500","1:1","True","True","assets/textures/transparent/shattered.png"
"shattered-dark","Shattered (Dark)","shattered-dark.png","500","500","1:1","True","True","assets/textures/transparent/shattered-dark.png"
"shine-caro","Shine Caro","shine-caro.png","9","9","1:1","True","True","assets/textures/transparent/shine-caro.png"
"shine-dotted","Shine Dotted","shine-dotted.png","6","5","6:5","True","True","assets/textures/transparent/shine-dotted.png"
"shley-tree-1","Shley Tree 1","shley-tree-1.png","300","409","300:409","True","True","assets/textures/transparent/shley-tree-1.png"
"shley-tree-2","Shley Tree 2","shley-tree-2.png","400","414","200:207","True","True","assets/textures/transparent/shley-tree-2.png"
"silver-scales","Silver Scales","silver-scales.png","40","40","1:1","True","True","assets/textures/transparent/silver-scales.png"
"simple-dashed","Simple Dashed","simple-dashed.png","14","14","1:1","True","True","assets/textures/transparent/simple-dashed.png"
"simple-horizontal-light","Simple Horizontal Light","simple-horizontal-light.png","4","4","1:1","True","True","assets/textures/transparent/simple-horizontal-light.png"
"skeletal-weave","Skeletal Weave","skeletal-weave.png","25","25","1:1","True","True","assets/textures/transparent/skeletal-weave.png"
"skewed-print","Skewed Print","skewed-print.png","330","320","33:32","True","True","assets/textures/transparent/skewed-print.png"
"skin-side-up","Skin Side Up","skin-side-up.png","320","360","8:9","True","True","assets/textures/transparent/skin-side-up.png"
"skulls","Skulls","skulls.png","400","400","1:1","True","True","assets/textures/transparent/skulls.png"
"slash-it","Slash It","slash-it.png","9","9","1:1","True","True","assets/textures/transparent/slash-it.png"
"small-crackle-bright","Small Crackle Bright","small-crackle-bright.png","14","14","1:1","True","True","assets/textures/transparent/small-crackle-bright.png"
"small-crosses","Small Crosses","small-crosses.png","10","10","1:1","True","True","assets/textures/transparent/small-crosses.png"
"smooth-wall-dark","Smooth Wall (Dark)","smooth-wall-dark.png","358","358","1:1","True","True","assets/textures/transparent/smooth-wall-dark.png"
"smooth-wall-light","Smooth Wall (Light)","smooth-wall-light.png","358","358","1:1","True","True","assets/textures/transparent/smooth-wall-light.png"
"sneaker-mesh-fabric","Sneaker Mesh Fabric","sneaker-mesh-fabric.png","150","111","50:37","True","True","assets/textures/transparent/sneaker-mesh-fabric.png"
"snow","Snow","snow.png","500","500","1:1","True","True","assets/textures/transparent/snow.png"
"soft-circle-scales","Soft Circle Scales","soft-circle-scales.png","256","56","32:7","True","True","assets/textures/transparent/soft-circle-scales.png"
"soft-kill","Soft Kill","soft-kill.png","28","48","7:12","True","True","assets/textures/transparent/soft-kill.png"
"soft-pad","Soft Pad","soft-pad.png","8","8","1:1","True","True","assets/textures/transparent/soft-pad.png"
"soft-wallpaper","Soft Wallpaper","soft-wallpaper.png","666","666","1:1","True","True","assets/textures/transparent/soft-wallpaper.png"
"solid","Solid","solid.png","500","500","1:1","True","True","assets/textures/transparent/solid.png"
"sos","Sos","sos.png","25","25","1:1","True","True","assets/textures/transparent/sos.png"
"sprinkles","Sprinkles","sprinkles.png","10","5","2:1","True","True","assets/textures/transparent/sprinkles.png"
"squairy","Squairy","squairy.png","200","200","1:1","True","True","assets/textures/transparent/squairy.png"
"squared-metal","Squared Metal","squared-metal.png","132","132","1:1","True","True","assets/textures/transparent/squared-metal.png"
"squares","Squares","squares.png","32","32","1:1","True","True","assets/textures/transparent/squares.png"
"stacked-circles","Stacked Circles","stacked-circles.png","9","9","1:1","True","True","assets/textures/transparent/stacked-circles.png"
"stardust","Stardust","stardust.png","798","798","1:1","True","True","assets/textures/transparent/stardust.png"
"starring","Starring","starring.png","35","39","35:39","True","True","assets/textures/transparent/starring.png"
"stitched-wool","Stitched Wool","stitched-wool.png","224","128","7:4","True","True","assets/textures/transparent/stitched-wool.png"
"strange-bullseyes","Strange Bullseyes","strange-bullseyes.png","300","300","1:1","True","True","assets/textures/transparent/strange-bullseyes.png"
"straws","Straws","straws.png","16","16","1:1","True","True","assets/textures/transparent/straws.png"
"stressed-linen","Stressed Linen","stressed-linen.png","256","256","1:1","True","True","assets/textures/transparent/stressed-linen.png"
"stucco","Stucco","stucco.png","250","249","250:249","True","True","assets/textures/transparent/stucco.png"
"subtle-carbon","Subtle Carbon","subtle-carbon.png","18","15","6:5","True","True","assets/textures/transparent/subtle-carbon.png"
"subtle-dark-vertical","Subtle Dark Vertical","subtle-dark-vertical.png","40","40","1:1","True","True","assets/textures/transparent/subtle-dark-vertical.png"
"subtle-dots","Subtle Dots","subtle-dots.png","27","15","9:5","True","True","assets/textures/transparent/subtle-dots.png"
"subtle-freckles","Subtle Freckles","subtle-freckles.png","198","198","1:1","True","True","assets/textures/transparent/subtle-freckles.png"
"subtle-grey","Subtle Grey","subtle-grey.png","397","322","397:322","True","True","assets/textures/transparent/subtle-grey.png"
"subtle-grunge","Subtle Grunge","subtle-grunge.png","400","400","1:1","True","True","assets/textures/transparent/subtle-grunge.png"
"subtle-stripes","Subtle Stripes","subtle-stripes.png","40","40","1:1","True","True","assets/textures/transparent/subtle-stripes.png"
"subtle-surface","Subtle Surface","subtle-surface.png","16","8","2:1","True","True","assets/textures/transparent/subtle-surface.png"
"subtle-white-feathers","Subtle White Feathers","subtle-white-feathers.png","500","333","500:333","True","True","assets/textures/transparent/subtle-white-feathers.png"
"subtle-zebra-3d","Subtle Zebra 3D","subtle-zebra-3d.png","121","38","121:38","True","True","assets/textures/transparent/subtle-zebra-3d.png"
"subtlenet","Subtlenet","subtlenet.png","60","60","1:1","True","True","assets/textures/transparent/subtlenet.png"
"swirl","Swirl","swirl.png","200","200","1:1","True","True","assets/textures/transparent/swirl.png"
"tactile-noise-dark","Tactile Noise (Dark)","tactile-noise-dark.png","48","48","1:1","True","True","assets/textures/transparent/tactile-noise-dark.png"
"tactile-noise-light","Tactile Noise (Light)","tactile-noise-light.png","48","48","1:1","True","True","assets/textures/transparent/tactile-noise-light.png"
"tapestry","Tapestry","tapestry.png","72","61","72:61","True","True","assets/textures/transparent/tapestry.png"
"tasky","Tasky","tasky.png","10","10","1:1","True","True","assets/textures/transparent/tasky.png"
"tex2res1","Tex2Res1","tex2res1.png","500","500","1:1","True","True","assets/textures/transparent/tex2res1.png"
"tex2res2","Tex2Res2","tex2res2.png","500","500","1:1","True","True","assets/textures/transparent/tex2res2.png"
"tex2res3","Tex2Res3","tex2res3.png","500","500","1:1","True","True","assets/textures/transparent/tex2res3.png"
"tex2res4","Tex2Res4","tex2res4.png","500","500","1:1","True","True","assets/textures/transparent/tex2res4.png"
"tex2res5","Tex2Res5","tex2res5.png","500","500","1:1","True","True","assets/textures/transparent/tex2res5.png"
"textured-paper","Textured Paper","textured-paper.png","500","500","1:1","True","True","assets/textures/transparent/textured-paper.png"
"textured-stripes","Textured Stripes","textured-stripes.png","256","256","1:1","True","True","assets/textures/transparent/textured-stripes.png"
"texturetastic-gray","Texturetastic Gray","texturetastic-gray.png","476","476","1:1","True","True","assets/textures/transparent/texturetastic-gray.png"
"ticks","Ticks","ticks.png","400","400","1:1","True","True","assets/textures/transparent/ticks.png"
"tileable-wood","Tileable Wood","tileable-wood.png","400","317","400:317","True","True","assets/textures/transparent/tileable-wood.png"
"tileable-wood-colored","Tileable Wood (Colored)","tileable-wood-colored.png","400","317","400:317","True","True","assets/textures/transparent/tileable-wood-colored.png"
"tiny-grid","Tiny Grid","tiny-grid.png","26","26","1:1","True","True","assets/textures/transparent/tiny-grid.png"
"translucent-fibres","Translucent Fibres","translucent-fibres.png","16","16","1:1","True","True","assets/textures/transparent/translucent-fibres.png"
"transparent-square-tiles","Transparent Square Tiles","transparent-square-tiles.png","252","230","126:115","True","True","assets/textures/transparent/transparent-square-tiles.png"
"tree-bark","Tree Bark","tree-bark.png","350","350","1:1","True","True","assets/textures/transparent/tree-bark.png"
"triangles","Triangles","triangles.png","33","36","11:12","True","True","assets/textures/transparent/triangles.png"
"triangles-2","Triangles 2","triangles-2.png","72","72","1:1","True","True","assets/textures/transparent/triangles-2.png"
"triangular","Triangular","triangular.png","60","60","1:1","True","True","assets/textures/transparent/triangular.png"
"tweed","Tweed","tweed.png","200","200","1:1","True","True","assets/textures/transparent/tweed.png"
"twinkle-twinkle","Twinkle Twinkle","twinkle-twinkle.png","360","300","6:5","True","True","assets/textures/transparent/twinkle-twinkle.png"
"txture","Txture","txture.png","400","300","4:3","True","True","assets/textures/transparent/txture.png"
"type","Type","type.png","200","200","1:1","True","True","assets/textures/transparent/type.png"
"use-your-illusion","Use Your Illusion","use-your-illusion.png","54","58","27:29","True","True","assets/textures/transparent/use-your-illusion.png"
"vaio","Vaio","vaio.png","37","28","37:28","True","True","assets/textures/transparent/vaio.png"
"vertical-cloth","Vertical Cloth","vertical-cloth.png","399","400","399:400","True","True","assets/textures/transparent/vertical-cloth.png"
"vichy","Vichy","vichy.png","70","70","1:1","True","True","assets/textures/transparent/vichy.png"
"vintage-speckles","Vintage Speckles","vintage-speckles.png","400","300","4:3","True","True","assets/textures/transparent/vintage-speckles.png"
"wall-4-light","Wall #4 Light","wall-4-light.png","300","300","1:1","True","True","assets/textures/transparent/wall-4-light.png"
"washi","Washi","washi.png","100","100","1:1","True","True","assets/textures/transparent/washi.png"
"wave-grid","Wave Grid","wave-grid.png","100","100","1:1","True","True","assets/textures/transparent/wave-grid.png"
"wavecut","Wavecut","wavecut.png","162","15","54:5","True","True","assets/textures/transparent/wavecut.png"
"weave","Weave","weave.png","35","31","35:31","True","True","assets/textures/transparent/weave.png"
"wet-snow","Wet Snow","wet-snow.png","250","250","1:1","True","True","assets/textures/transparent/wet-snow.png"
"white-bed-sheet","White Bed Sheet","white-bed-sheet.png","54","54","1:1","True","True","assets/textures/transparent/white-bed-sheet.png"
"white-brick-wall","White Brick Wall","white-brick-wall.png","24","16","3:2","True","True","assets/textures/transparent/white-brick-wall.png"
"white-brushed","White Brushed","white-brushed.png","114","114","1:1","True","True","assets/textures/transparent/white-brushed.png"
"white-carbon","White Carbon","white-carbon.png","8","8","1:1","True","True","assets/textures/transparent/white-carbon.png"
"white-carbonfiber","White Carbonfiber","white-carbonfiber.png","4","4","1:1","True","True","assets/textures/transparent/white-carbonfiber.png"
"white-diamond","White Diamond","white-diamond.png","128","224","4:7","True","True","assets/textures/transparent/white-diamond.png"
"white-diamond-dark","White Diamond (Dark)","white-diamond-dark.png","128","224","4:7","True","True","assets/textures/transparent/white-diamond-dark.png"
"white-leather","White Leather","white-leather.png","300","300","1:1","True","True","assets/textures/transparent/white-leather.png"
"white-linen","White Linen","white-linen.png","400","300","4:3","True","True","assets/textures/transparent/white-linen.png"
"white-paperboard","White Paperboard","white-paperboard.png","256","252","64:63","True","True","assets/textures/transparent/white-paperboard.png"
"white-plaster","White Plaster","white-plaster.png","300","300","1:1","True","True","assets/textures/transparent/white-plaster.png"
"white-sand","White Sand","white-sand.png","211","211","1:1","True","True","assets/textures/transparent/white-sand.png"
"white-texture","White Texture","white-texture.png","102","102","1:1","True","True","assets/textures/transparent/white-texture.png"
"white-tiles","White Tiles","white-tiles.png","800","250","16:5","True","True","assets/textures/transparent/white-tiles.png"
"white-wall","White Wall","white-wall.png","800","600","4:3","True","True","assets/textures/transparent/white-wall.png"
"white-wall-2","White Wall 2","white-wall-2.png","","","","False","False","assets/textures/transparent/white-wall-2.png"
"white-wall-3","White Wall 3","white-wall-3.png","150","150","1:1","True","True","assets/textures/transparent/white-wall-3.png"
"white-wall-3-2","White Wall 3[2]","white-wall-3-2.png","500","500","1:1","True","True","assets/textures/transparent/white-wall-3-2.png"
"white-wave","White Wave","white-wave.png","23","12","23:12","True","True","assets/textures/transparent/white-wave.png"
"whitey","Whitey","whitey.png","654","654","1:1","True","True","assets/textures/transparent/whitey.png"
"wide-rectangles","Wide Rectangles","wide-rectangles.png","32","14","16:7","True","True","assets/textures/transparent/wide-rectangles.png"
"wild-flowers","Wild Flowers","wild-flowers.png","350","350","1:1","True","True","assets/textures/transparent/wild-flowers.png"
"wild-oliva","Wild Oliva","wild-oliva.png","198","200","99:100","True","True","assets/textures/transparent/wild-oliva.png"
"wine-cork","Wine Cork","wine-cork.png","300","300","1:1","True","True","assets/textures/transparent/wine-cork.png"
"wood","Wood","wood.png","700","700","1:1","True","True","assets/textures/transparent/wood.png"
"wood-pattern","Wood Pattern","wood-pattern.png","203","317","203:317","True","True","assets/textures/transparent/wood-pattern.png"
"worn-dots","Worn Dots","worn-dots.png","200","200","1:1","True","True","assets/textures/transparent/worn-dots.png"
"woven","Woven","woven.png","42","42","1:1","True","True","assets/textures/transparent/woven.png"
"woven-light","Woven (Light)","woven-light.png","42","42","1:1","True","True","assets/textures/transparent/woven-light.png"
"xv","Xv","xv.png","294","235","294:235","True","True","assets/textures/transparent/xv.png"
"zig-zag","Zig Zag","zig-zag.png","10","10","1:1","True","True","assets/textures/transparent/zig-zag.png"
"black-lozenge","?lack Lozenge","black-lozenge.png","38","38","1:1","True","True","assets/textures/transparent/black-lozenge.png"
